Nama,Harga,Alamat
es FE02 White Putih Tali Sepatu Pipih Flat 8mm 90cm 100cm 120cm 130cm 140cm 150cm 180cm 200cm,39000,Bandung
Sepatu Safety ujung besi kulit asli king stell slip on,170000,Surabaya
Tali Lilin Bulat 60cm Variasi Warna untuk Sepatu Boots (Round Waxed),21000,Bandung
SEPATU PRIA WANITA  SLIP ON TERBARU ONKE AL03 SEPATU SNEAKERS TERMURAH,42800,Kab. Bogor
Sepatu Safety Pria Ujung Besi Septi Sefti Sefty Kerja Lapangan Proyek Savety Cowok DRK,135000,Kab. Tangerang
Share: Sepatu Safety Pria Kulit sapi Asli Septi Kerja Lapangan Outdoor Motor Hiking Safti Tracking Ujung Besi Baja Proyek DRK,253000,Kab. Tangerang
Sepatu Karet Pria - Pantofel - Sepatu Kerja - Sepatu Formal C,32400,Jakarta Selatan
Nukus Sepatu Safety Casual Ujung Besi Tali Pendek - SFM P Hitam,120400,Malang
Lem Sepatu Super Kuat 60ml Shoe Glue Penambal Sol Tas Sendal Tahan Air,4200,Jakarta Selatan
sepatu converse allstar 1970 os original grade premium,160000,Kab. Tangerang
Sepatu Vans Old school Classic Premium Import Pria Wanita BISA COD,125000,Jakarta Selatan
Sepatu Kodachi 8115 Black  Sepatu Kodachi Badminton Kodachi Hitam,97500,Jakarta Barat
SEPATU BOOT AP HOBBY & WORK - SEPATU BOOTS AP HOBBY AND WORK - AP BOOTS HOBBY AND WORK 39-42 BLACK RED,64000,Jakarta Utara
Sepatu weidenman Stinger 02,265000,Bandung
Sepatu Kulit Joemen J 40  Original Import,90000,Kab. Mojokerto
Sepatu Boot AP 9303,100000,Jakarta Barat
Sepatu Boots Pria Safety Ujung Besi Kerja Proyek Lapangan Kontraktor Industri Pabrik Anti Slip Lavio Galen Axel Original High Premium Quality,220000,Bandung
sepatu safety selop slip on. ujung besi kulit asli kr10,150000,Surabaya
Share: Sepatu Safety Slip On Original Septy Slop Selop Kerja Lapangan Proyek Septi Pria Wanita Ujung besi Savety Anti Slip Kitchen 003 DRK,146500,Kab. Tangerang
Sepatu Safety Slip On Original Septi Pria Wanita Ujung besi Septy Slop Selop Kerja Lapangan Proyek 03,146500,Kab. Tangerang
Sepatu Hitam Polos Adidas Fullblack Full Black Sekolah Kerja Jalan Running Sport Olahraga,65000,Kab. Bekasi
Dr. Kevin Sepatu Sport Pria Kets Kasual Sneakers 889-048 hitam,159900,Bekasi
Sepatu Kickers Pantofel Kulit Asli Pria Pantofel Kerja Kantoran,65000,Kab. Bandung
SEPATU SLIP ON PRIA VANS OG GOOD QUALITY,100000,Bekasi
Sepatu Converse All Star High hitam putih,57000,Kab. Tangerang
Tali Sepatu Elastis Karet Silikon REIKO Shoelace Lazy Lace Shoes Warna Warni 1 Set Isi 16pcs,9500,Jakarta Barat
Sepatu Air Max 97 Undefeated White,365000,Jakarta Selatan
Sepatu PDH Resleting Tali Kulit Mengkilap - Sepatu Kulit Tali Lux,220000,Jakarta Pusat
Sepatu Ventela Public Low,245000,Cimahi
Sepatu Ventela Basic Black natural HC Ventela Basic Black High,196900,Jakarta Barat
Sepatu Pantofel Kulit Sapi pria jaminan uang kembali jika bukan kulit 174,115000,Surabaya
Sepatu Safety Proyek Ujung Besi Septi Kerja Lapangan Kulit Sintetis Tali Septy Shoes Boot Savety Pria DRK,140000,Kab. Tangerang
Sepatu Safety Slip On Pria savety shoes Ujung Besi Septi Slop Proyek Lapangan DRK,135000,Kab. Tangerang
MR Shoelaces FP Tali Sepatu Pipih Gepeng Flat 7mm Polyester 90cm 100cm 120cm 150cm 180cm 200cm Warna Black Hitam - White Putih - White Bone,24000,Bandung
Sepatu Safety Original Pria Tali Septi Sevenpoint Proyek Lapangan Industry Sefty Shoes Kulit Asli Spatu Safty Septy Cowok Ujung Besi DRK,217500,Kab. Tangerang
Sepatu Safety Pria Original Slip On Septi Shoes Sefty Kerja Lapangan Safty Ujung Besi Spatu Kerja 04,146500,Kab. Tangerang
SEPATU BOOTS JUMBO SIZE - SEPATU BOOTS BIG SIZE - AP 9303 JUMBO SIZE 40 - 45 BOOTS KARET -TWOFEET,97900,Jakarta Utara
Sepatu Sekolah - Patrobas Ivan - Black White,235000,Jakarta Barat
Aerostreet 37-44 Comfy Khaki - Sepatu Slip On Pria Wanita,119900,Klaten
Sepatu Boot Sawah Panjang Korea,135000,Purworejo
Sepatu sekolah convers allstar,55000,Kab. Tangerang
sepatu warrior sparta HC,119900,Bandung
sepatu Grand max premium,76500,Kab. Tangerang
Sepatu ATT AWK 557 Sepatu Pantofel Sepatu Karet Pria,36500,Kab. Bogor
Ap Boots All Bike - Sepatu Berkendara Full Karet Tanpa Lem dan Jahitan Abu size 39 - 43 - Sepatu Sepeda - Twofeet_id,50900,Jakarta Utara
Alas sepatu Sol sepatu memory foam insole Lembut semua ukuran,19000,Jakarta Pusat
Share: Sepatu Safety Boots Pria Wanita Original Sevenpoint Septy Ujung Besi Kerja Proyek Lapangan Sefty Outdoor Touring Tracking DRK,186500,Kab. Tangerang
Tali Sepatu Elastis Lembut Ulir Soft Shoelace Elastic,30000,Jakarta Pusat
Premium Shoe Cleaner Sabun Cuci Pembersih Sepatu Instant Shoes Cleaner,26450,Jakarta Barat
Tali Kulit 60cm Variasi Warna untuk Sepatu Boots (Leather Shoelaces),49000,Bandung
Original MR Shoelaces FE02 White Putih Tali Sepatu Pipih Flat 8mm 90cm 100cm 120cm 130cm 140cm 150cm 180cm 200cm,39000,Bandung
Sepatu Safety ujung besi kulit asli king stell slip on,170000,Surabaya
Tali Lilin Bulat 60cm Variasi Warna untuk Sepatu Boots (Round Waxed),21000,Bandung
SEPATU PRIA WANITA  SLIP ON TERBARU ONKE AL03 SEPATU SNEAKERS TERMURAH,42800,Kab. Bogor
Sepatu Safety Pria Ujung Besi Septi Sefti Sefty Kerja Lapangan Proyek Savety Cowok DRK,135000,Kab. Tangerang
Share: Sepatu Safety Pria Kulit sapi Asli Septi Kerja Lapangan Outdoor Motor Hiking Safti Tracking Ujung Besi Baja Proyek DRK,253000,Kab. Tangerang
Sepatu Karet Pria - Pantofel - Sepatu Kerja - Sepatu Formal C,32400,Jakarta Selatan
Nukus Sepatu Safety Casual Ujung Besi Tali Pendek - SFM P Hitam,120400,Malang
Lem Sepatu Super Kuat 60ml Shoe Glue Penambal Sol Tas Sendal Tahan Air,4200,Jakarta Selatan
sepatu converse allstar 1970 os original grade premium,160000,Kab. Tangerang
Sepatu Vans Old school Classic Premium Import Pria Wanita BISA COD,125000,Jakarta Selatan
Sepatu Kodachi 8115 Black  Sepatu Kodachi Badminton Kodachi Hitam,97500,Jakarta Barat
SEPATU BOOT AP HOBBY & WORK - SEPATU BOOTS AP HOBBY AND WORK - AP BOOTS HOBBY AND WORK 39-42 BLACK RED,64000,Jakarta Utara
Sepatu weidenman Stinger 02,265000,Bandung
Sepatu Kulit Joemen J 40  Original Import,90000,Kab. Mojokerto
Sepatu Boot AP 9303,100000,Jakarta Barat
Sepatu Boots Pria Safety Ujung Besi Kerja Proyek Lapangan Kontraktor Industri Pabrik Anti Slip Lavio Galen Axel Original High Premium Quality,220000,Bandung
sepatu safety selop slip on. ujung besi kulit asli kr10,150000,Surabaya
Share: Sepatu Safety Slip On Original Septy Slop Selop Kerja Lapangan Proyek Septi Pria Wanita Ujung besi Savety Anti Slip Kitchen 003 DRK,146500,Kab. Tangerang
Sepatu Safety Slip On Original Septi Pria Wanita Ujung besi Septy Slop Selop Kerja Lapangan Proyek 03,146500,Kab. Tangerang
Sepatu Hitam Polos Adidas Fullblack Full Black Sekolah Kerja Jalan Running Sport Olahraga,65000,Kab. Bekasi
Dr. Kevin Sepatu Sport Pria Kets Kasual Sneakers 889-048 hitam,159900,Bekasi
Sepatu Kickers Pantofel Kulit Asli Pria Pantofel Kerja Kantoran,65000,Kab. Bandung
SEPATU SLIP ON PRIA VANS OG GOOD QUALITY,100000,Bekasi
Sepatu Converse All Star High hitam putih,57000,Kab. Tangerang
Tali Sepatu Elastis Karet Silikon REIKO Shoelace Lazy Lace Shoes Warna Warni 1 Set Isi 16pcs,9500,Jakarta Barat
Sepatu Air Max 97 Undefeated White,365000,Jakarta Selatan
Sepatu PDH Resleting Tali Kulit Mengkilap - Sepatu Kulit Tali Lux,220000,Jakarta Pusat
Sepatu Ventela Public Low,245000,Cimahi
Sepatu Ventela Basic Black natural HC Ventela Basic Black High,196900,Jakarta Barat
Sepatu Pantofel Kulit Sapi pria jaminan uang kembali jika bukan kulit 174,115000,Surabaya
Sepatu Safety Proyek Ujung Besi Septi Kerja Lapangan Kulit Sintetis Tali Septy Shoes Boot Savety Pria DRK,140000,Kab. Tangerang
Sepatu Safety Slip On Pria savety shoes Ujung Besi Septi Slop Proyek Lapangan DRK,135000,Kab. Tangerang
MR Shoelaces FP Tali Sepatu Pipih Gepeng Flat 7mm Polyester 90cm 100cm 120cm 150cm 180cm 200cm Warna Black Hitam - White Putih - White Bone,24000,Bandung
Sepatu Safety Original Pria Tali Septi Sevenpoint Proyek Lapangan Industry Sefty Shoes Kulit Asli Spatu Safty Septy Cowok Ujung Besi DRK,217500,Kab. Tangerang
Sepatu Safety Pria Original Slip On Septi Shoes Sefty Kerja Lapangan Safty Ujung Besi Spatu Kerja 04,146500,Kab. Tangerang
SEPATU BOOTS JUMBO SIZE - SEPATU BOOTS BIG SIZE - AP 9303 JUMBO SIZE 40 - 45 BOOTS KARET -TWOFEET,97900,Jakarta Utara
Sepatu Sekolah - Patrobas Ivan - Black White,235000,Jakarta Barat
Aerostreet 37-44 Comfy Khaki - Sepatu Slip On Pria Wanita,119900,Klaten
Sepatu Boot Sawah Panjang Korea,135000,Purworejo
Sepatu sekolah convers allstar,55000,Kab. Tangerang
sepatu warrior sparta HC,119900,Bandung
sepatu Grand max premium,76500,Kab. Tangerang
Sepatu ATT AWK 557 Sepatu Pantofel Sepatu Karet Pria,36500,Kab. Bogor
Ap Boots All Bike - Sepatu Berkendara Full Karet Tanpa Lem dan Jahitan Abu size 39 - 43 - Sepatu Sepeda - Twofeet_id,50900,Jakarta Utara
Alas sepatu Sol sepatu memory foam insole Lembut semua ukuran,19000,Jakarta Pusat
Share: Sepatu Safety Boots Pria Wanita Original Sevenpoint Septy Ujung Besi Kerja Proyek Lapangan Sefty Outdoor Touring Tracking DRK,186500,Kab. Tangerang
Tali Sepatu Elastis Lembut Ulir Soft Shoelace Elastic,30000,Jakarta Pusat
Premium Shoe Cleaner Sabun Cuci Pembersih Sepatu Instant Shoes Cleaner,26450,Jakarta Barat
Tali Kulit 60cm Variasi Warna untuk Sepatu Boots (Leather Shoelaces),49000,Bandung
